{
  "version": 1,
  "author": "Bureddy Revathi",
  "editor": "wokwi",
  "parts": [
    { "type": "wokwi-arduino-uno", "id": "uno", "top": 0.6, "left": -0.6, "attrs": {} },
    {
      "type": "wokwi-pushbutton",
      "id": "btn1",
      "top": 95.6,
      "left": -146.8,
      "rotate": 270,
      "attrs": { "color": "green", "xray": "1" }
    },
    {
      "type": "wokwi-pushbutton",
      "id": "btn2",
      "top": 220.2,
      "left": -93,
      "rotate": 270,
      "attrs": { "color": "green", "xray": "1" }
    },
    { "type": "wokwi-led", "id": "led1", "top": 44.4, "left": 503, "attrs": { "color": "red" } },
    { "type": "wokwi-led", "id": "led2", "top": 34.8, "left": 368.6, "attrs": { "color": "red" } },
    {
      "type": "wokwi-resistor",
      "id": "r3",
      "top": -14.95,
      "left": 555.4,
      "rotate": 180,
      "attrs": { "value": "220" }
    },
    {
      "type": "wokwi-resistor",
      "id": "r4",
      "top": -62.95,
      "left": 277,
      "rotate": 180,
      "attrs": { "value": "220" }
    },
    { "type": "wokwi-gnd", "id": "gnd1", "top": 307.2, "left": -154.2, "attrs": {} },
    { "type": "wokwi-gnd", "id": "gnd2", "top": 278.4, "left": -240.6, "attrs": {} },
    {
      "type": "wokwi-resistor",
      "id": "r1",
      "top": 158.4,
      "left": -259.75,
      "rotate": 90,
      "attrs": { "value": "10000" }
    },
    {
      "type": "wokwi-resistor",
      "id": "r2",
      "top": 235.2,
      "left": -211.75,
      "rotate": 90,
      "attrs": { "value": "10000" }
    }
  ],
  "connections": [
    [ "uno:10", "r3:2", "blue", [ "v0" ] ],
    [ "uno:9", "r4:2", "blue", [ "v0" ] ],
    [ "r4:1", "led2:A", "green", [ "v67.2", "h-19.2" ] ],
    [ "r3:1", "led1:A", "green", [ "v96", "h-19.2" ] ],
    [ "uno:GND.2", "led2:C", "black", [ "v10.1", "h128.1" ] ],
    [ "uno:GND.3", "led1:C", "black", [ "v19.7", "h195.4" ] ],
    [ "r2:2", "gnd1:GND", "green", [ "h0" ] ],
    [ "r1:2", "gnd2:GND", "green", [ "h0" ] ],
    [ "r1:1", "btn1:1.l", "green", [ "h0" ] ],
    [ "r2:1", "btn2:1.l", "green", [ "h0" ] ],
    [ "btn1:1.l", "uno:2", "green", [ "h0", "v-297.6", "h364.8" ] ],
    [ "uno:3", "btn2:1.l", "green", [ "v-28.8", "h-389.6", "v201.6", "h38.4" ] ],
    [ "uno:GND.2", "btn2:2.r", "black", [ "v19.1", "h-216.9" ] ],
    [ "uno:GND.3", "btn1:2.l", "black", [ "v115.1", "h-284" ] ]
  ],
  "dependencies": {}
}